ACCESSION_NUMBER,FILING_DATE,PERIOD_OF_REPORT,ISSUERTRADINGSYMBOL,ND_T_TRANS_DATE,ND_T_TRANS_SHARES,ND_T_TRANS_PRICEPERSHARE,ND_T_SHRS_OWND_FOLWNG_TRANS,ND_H_SHRS_OWND_FOLWNG_TRANS,D_T_TRANS_DATE,D_T_TRANS_SHARES,D_T_TRANS_PRICEPERSHARE,D_T_SHRS_OWND_FOLWNG_TRANS,D_H_SHRS_OWND_FOLWNG_TRANS,ND_T_TRANS_CODE_A,ND_T_TRANS_CODE_C,ND_T_TRANS_CODE_D,ND_T_TRANS_CODE_E,ND_T_TRANS_CODE_F,ND_T_TRANS_CODE_G,ND_T_TRANS_CODE_I,ND_T_TRANS_CODE_J,ND_T_TRANS_CODE_L,ND_T_TRANS_CODE_M,ND_T_TRANS_CODE_O,ND_T_TRANS_CODE_P,ND_T_TRANS_CODE_S,ND_T_TRANS_CODE_U,ND_T_TRANS_CODE_W,ND_T_TRANS_CODE_X,ND_T_TRANS_CODE_Z,ND_T_EQUITY_SWAP_INVOLVED_0,ND_T_EQUITY_SWAP_INVOLVED_1,ND_T_EQUITY_SWAP_INVOLVED_0.1,ND_T_EQUITY_SWAP_INVOLVED_1.1,ND_T_EQUITY_SWAP_INVOLVED_false,ND_T_EQUITY_SWAP_INVOLVED_true,ND_T_TRANS_ACQUIRED_DISP_CD_A,ND_T_TRANS_ACQUIRED_DISP_CD_D,ND_T_DIRECT_INDIRECT_OWNERSHIP_D,ND_T_DIRECT_INDIRECT_OWNERSHIP_I,ND_H_DIRECT_INDIRECT_OWNERSHIP_D,ND_H_DIRECT_INDIRECT_OWNERSHIP_I,D_T_TRANS_CODE_A,D_T_TRANS_CODE_C,D_T_TRANS_CODE_D,D_T_TRANS_CODE_E,D_T_TRANS_CODE_F,D_T_TRANS_CODE_G,D_T_TRANS_CODE_H,D_T_TRANS_CODE_I,D_T_TRANS_CODE_J,D_T_TRANS_CODE_M,D_T_TRANS_CODE_O,D_T_TRANS_CODE_P,D_T_TRANS_CODE_S,D_T_TRANS_CODE_U,D_T_TRANS_CODE_W,D_T_TRANS_CODE_X,D_T_TRANS_CODE_Z,D_T_TRANS_ACQUIRED_DISP_CD_A,D_T_TRANS_ACQUIRED_DISP_CD_D,D_T_DIRECT_INDIRECT_OWNERSHIP_D,D_T_DIRECT_INDIRECT_OWNERSHIP_I,D_H_DIRECT_INDIRECT_OWNERSHIP_D,D_H_DIRECT_INDIRECT_OWNERSHIP_I
0001562180-22-000965,2022-02-02,2022-01-31,JBHT,2022-01-31,291.0,192.54,15398.0,8111.0,2022-01-31,687.0,0.0,1374.0,1667.0,0,0,0,0,1,0,0,0,0,0,0,0,0,0,0,0,0,0,0,0,0,1,0,0,1,1,0,1,0,0,0,0,0,0,0,0,0,0,1,0,0,0,0,0,0,0,0,1,1,0,1,0
0000065011-06-000057,2006-05-04,2006-05-03,MDP,2006-05-03,4597.0,48.76,178470.0,5994.0,2006-05-03,25000.0,0.0,50000.0,46256.0,0,0,0,0,1,0,0,0,0,0,0,0,0,0,0,0,0,1,0,0,0,0,0,0,1,1,0,0,1,0,0,0,0,0,0,0,0,0,1,0,0,0,0,0,0,0,0,1,1,0,1,0
0001140361-15-001167,2015-01-08,2015-01-06,MNST,2015-01-06,23504.0,111.64,124483.0,401148.0,2015-01-07,289370.0,0.0,0.0,18912.0,0,0,0,0,0,0,0,0,0,0,0,0,1,0,0,0,0,1,0,0,0,0,0,0,1,0,1,0,1,0,0,0,0,0,0,0,0,0,1,0,0,0,0,0,0,0,0,1,0,1,1,0
0001381668-19-000062,2019-08-20,2019-08-19,TFSL,2019-08-19,86778.0,18.0,142622.0,6200.0,2019-08-19,100000.0,14.0,215500.0,33400.0,0,0,0,0,1,0,0,0,0,0,0,0,0,0,0,0,0,0,0,1,0,0,0,0,1,1,0,0,1,0,0,0,0,0,0,0,0,0,1,0,0,0,0,0,0,0,0,1,1,0,1,0
0001127602-13-006297,2013-02-15,2013-02-13,HY,2013-02-13,9007.0,0.0,177544.0,61768.0,2013-02-08,12068.0,0.0,37932.0,5143.0,1,0,0,0,0,0,0,0,0,0,0,0,0,0,0,0,0,1,0,0,0,0,0,1,0,0,1,0,1,0,0,0,0,0,0,0,0,1,0,0,0,0,0,0,0,0,0,1,0,1,0,1
0001127602-21-027822,2021-10-29,2021-10-27,UHS,2021-10-28,35690.0,126.17,83252.0,55763.0,2021-10-27,38684.0,0.0,72900.0,16748.0,0,0,0,0,0,0,0,1,0,0,0,0,0,0,0,0,0,0,0,1,0,0,0,1,0,0,1,0,1,0,0,0,0,0,0,0,0,1,0,0,0,0,0,0,0,0,1,0,0,1,0,1
0001140361-16-089190,2016-12-09,2016-12-07,SMMF,2016-12-08,1200.0,29.0,59168.0,10905.09,2016-12-08,1200.0,17.79,2400.0,880.0,0,0,0,0,0,0,0,0,0,0,0,0,1,0,0,0,0,0,0,1,0,0,0,0,1,1,0,0,1,0,0,0,0,0,0,0,0,0,1,0,0,0,0,0,0,0,0,1,1,0,1,0
0001209191-11-005072,2011-01-26,2011-01-24,ANDE,2011-01-24,8400.0,39.12,15805.59,2025.0,2011-01-24,0.0,0.0,8400.0,3400.0,0,0,0,0,0,0,0,0,0,1,0,0,0,0,0,0,0,0,0,1,0,0,0,1,0,1,0,1,0,0,0,0,0,0,0,0,0,0,1,0,0,0,0,0,0,0,0,1,1,0,1,0
0001127602-16-051693,2016-05-10,2016-05-08,HVT,2016-02-29,1351.0,0.0,51381.0,603497.0,2016-05-08,970.0,0.0,0.0,6447.0,0,0,0,0,0,1,0,0,0,0,0,0,0,0,0,0,0,0,0,1,0,0,0,0,1,1,0,0,1,0,0,0,0,0,0,0,0,0,1,0,0,0,0,0,0,0,0,1,1,0,1,0
0001562180-23-007490,2023-11-02,2023-10-31,JBHT,2023-10-31,289.0,0.0,15075.0,2428.0,2023-10-31,1667.0,0.0,1667.0,2130.0,0,0,0,0,0,0,0,0,0,1,0,0,0,0,0,0,0,0,0,0,0,1,0,1,0,1,0,1,0,0,0,0,0,0,0,0,0,0,1,0,0,0,0,0,0,0,0,1,1,0,1,0
